rs17199006,rs2069718,rs2070729,rs2072138,rs3911403,rs4988457,rs7277299,rs17256081,rs2069727,rs2072137,rs2240188,rs303212,rs3737399,rs4251580
0,0,1,0,2,0,1,0,0,0,1,1,2,2
0,1,1,1,2,-1,1,1,1,1,1,-1,0,2
0,1,1,1,2,0,1,0,0,1,1,1,0,2
0,2,1,0,2,0,1,0,2,0,2,1,2,2
0,0,2,0,2,0,1,0,0,0,2,-1,0,1
0,2,0,0,2,0,1,0,2,0,2,1,2,2
0,2,2,1,2,1,1,1,1,1,1,0,0,2
0,1,1,0,1,0,1,1,1,0,1,2,2,2
1,2,0,0,0,0,1,0,2,1,2,0,2,2
0,1,1,0,2,0,1,0,1,1,2,0,0,2
0,1,0,0,1,0,1,0,1,0,2,1,2,2
0,1,2,0,2,0,1,2,1,1,1,0,2,2
0,1,0,1,2,0,1,2,0,1,1,1,0,1
0,1,0,0,2,0,1,0,1,0,2,2,2,2
0,1,2,0,2,-1,1,1,1,1,2,-1,0,1
1,1,0,0,2,0,1,0,1,0,2,0,0,1
1,1,1,1,2,0,1,0,1,0,1,-1,0,2
0,1,1,0,1,0,1,2,1,0,2,2,0,2
0,2,2,0,2,-1,1,0,2,2,2,2,2,1
0,1,1,0,1,0,1,2,0,2,2,1,2,1
0,1,1,1,2,0,1,2,1,1,1,0,2,2
0,0,2,0,2,0,1,0,0,0,1,0,2,1
0,0,0,0,2,0,1,0,0,0,2,0,2,1
0,0,0,1,2,0,1,0,0,1,1,2,0,2
0,0,2,1,2,0,1,2,0,2,1,0,2,1
0,2,0,1,2,0,1,2,2,1,2,1,2,2
1,0,1,0,2,0,1,2,0,1,2,1,2,2
0,1,0,0,2,0,1,0,0,0,1,1,0,2
1,1,1,2,2,-1,1,0,1,1,0,-1,2,2
1,1,1,0,2,1,1,0,0,0,2,1,2,2
0,1,1,1,2,-1,1,0,1,1,2,-1,2,2
0,1,1,0,1,0,1,2,1,0,2,1,2,1
1,1,2,1,2,0,1,0,1,2,1,2,2,1
0,1,1,0,2,0,1,0,1,0,1,1,0,2
1,1,1,0,1,0,1,1,1,1,2,2,2,2
0,0,1,2,2,-1,1,2,0,2,0,1,2,2
1,1,0,1,2,0,1,2,1,0,1,-1,0,2
0,1,2,0,2,0,1,1,1,0,2,0,2,1
0,1,0,0,2,0,1,1,1,0,1,1,2,2
0,2,1,1,1,0,1,0,2,1,1,1,0,2
0,0,2,1,2,1,1,1,0,1,1,0,0,2
1,2,1,0,2,-1,1,0,0,1,2,-1,2,2
1,1,1,1,2,0,1,0,1,1,0,-1,0,2
0,2,1,1,2,0,0,2,2,1,1,1,2,2
0,1,2,2,2,0,1,0,0,2,0,0,2,2
0,1,1,1,1,0,1,2,1,0,2,0,0,2
2,0,0,1,1,0,1,2,0,1,1,1,0,2
0,1,2,2,2,0,1,0,1,2,0,1,2,1
0,1,1,0,2,0,1,1,0,0,2,0,2,0
0,1,1,1,2,1,1,0,1,2,2,0,2,2
0,2,1,0,2,-1,1,1,1,1,1,0,2,2
0,2,0,0,2,0,1,0,1,1,2,2,0,2
1,1,1,1,1,1,1,0,0,2,0,1,2,2
0,1,0,1,1,0,1,0,1,1,1,1,2,2
0,2,1,0,2,0,1,1,2,0,2,-1,2,2
0,2,1,1,2,0,1,1,0,1,1,0,0,2
1,1,1,1,1,1,1,0,0,2,0,-1,2,2
0,2,0,0,1,0,1,2,1,0,2,1,2,2
0,0,1,1,2,0,1,0,0,1,1,1,2,2
0,1,1,1,2,0,1,1,1,0,1,1,2,2
0,0,1,1,2,0,1,0,0,1,0,1,2,2
1,1,0,1,1,0,1,2,1,2,1,1,0,1
0,2,0,1,2,0,1,1,2,1,0,0,2,2
0,1,1,0,0,1,1,2,0,0,1,1,2,2
0,0,1,0,2,0,1,0,0,0,1,0,2,2
0,1,1,0,2,0,1,1,1,1,2,0,2,2
0,1,0,1,2,0,1,2,1,2,1,0,2,2
0,1,2,2,1,0,1,2,0,1,0,1,2,2
0,1,1,0,2,-1,1,0,1,0,2,1,2,2
0,1,1,1,1,0,1,2,1,1,2,1,2,2
0,1,1,1,1,0,1,1,0,1,0,2,2,2
0,1,1,1,2,1,1,0,1,1,1,2,0,2
1,1,2,0,2,0,1,0,1,1,2,1,2,2
0,2,1,0,2,0,1,0,2,0,1,1,0,2
0,2,0,0,2,0,1,2,1,0,1,0,2,1
0,2,0,1,2,0,1,0,1,1,1,1,0,2
0,1,1,0,2,0,1,0,1,0,2,1,2,2
0,1,1,1,2,0,1,0,1,1,0,2,2,2
0,2,2,2,2,0,1,0,2,2,0,0,2,2
0,1,0,1,2,0,1,0,1,1,1,2,2,2
0,1,1,1,2,-1,1,0,0,1,1,-1,2,2
1,1,1,0,2,1,1,1,1,0,2,0,2,1
0,1,1,1,1,0,1,0,1,0,2,2,2,2
0,2,0,1,2,1,1,1,2,1,1,1,2,2
1,0,1,2,2,0,1,0,0,2,0,1,2,2
0,2,0,0,1,0,1,1,2,1,1,1,2,2
0,1,2,1,2,0,1,0,0,1,1,1,2,2
0,0,0,1,1,0,0,1,0,1,1,0,2,2
1,0,1,1,2,0,1,0,0,0,2,0,2,2
1,2,2,0,2,-1,1,2,2,1,1,-1,2,2
0,1,2,0,1,0,1,1,1,1,2,1,0,2
0,1,2,1,2,0,1,2,0,1,2,0,0,1
0,1,1,0,2,0,1,0,1,0,2,1,2,2
1,0,2,0,2,0,1,1,0,0,2,1,0,2
0,1,0,0,2,-1,1,0,0,1,2,-1,2,2
1,2,1,0,2,0,1,1,1,1,1,1,2,1
0,1,1,0,2,0,0,2,1,0,2,-1,2,2
0,1,1,2,1,0,1,2,1,2,0,1,2,2
1,1,0,0,2,0,1,1,1,0,2,1,2,2
0,1,2,1,2,-1,0,0,1,0,1,-1,2,1
0,2,1,1,2,0,1,0,1,1,1,1,2,2
0,0,1,0,2,-1,1,0,0,0,2,-1,2,2
1,2,1,0,1,-1,1,0,2,0,2,-1,2,1
1,1,1,0,1,-1,1,1,0,0,2,-1,0,2
0,1,0,2,2,-1,1,2,1,1,0,-1,2,2
0,0,0,1,2,0,1,0,0,1,1,0,2,2
0,1,1,1,2,-1,1,1,1,1,1,-1,0,2
0,2,2,0,2,0,1,2,1,0,2,1,2,2
0,1,1,2,2,0,1,2,1,2,0,-1,2,2
1,2,2,0,1,-1,1,0,2,0,2,-1,0,2
0,2,1,1,0,0,1,0,1,0,1,-1,2,2
0,2,2,0,2,1,1,1,1,1,2,1,0,1
0,2,1,0,1,-1,1,0,1,0,2,-1,2,2
0,1,1,1,2,-1,1,0,1,1,2,-1,0,1
0,0,1,1,2,1,1,0,0,1,1,1,2,0
0,1,1,1,2,0,1,0,0,1,1,-1,2,2
1,1,1,0,2,0,1,0,1,0,2,-1,2,2
0,1,1,0,2,-1,1,0,1,1,2,-1,2,2
1,0,2,0,2,-1,1,0,0,0,2,-1,2,2
1,0,2,1,2,1,1,0,0,0,0,1,2,1
0,0,0,2,1,0,1,2,0,2,0,1,2,2
0,2,1,0,2,-1,1,0,2,2,1,-1,2,2
0,0,2,1,2,0,0,1,0,2,1,-1,2,2
1,1,1,1,2,-1,1,0,1,0,2,-1,2,1
0,0,0,1,2,0,1,0,0,0,1,0,2,2
1,1,1,0,2,-1,1,0,1,0,2,-1,2,1
0,0,1,0,2,-1,1,0,0,0,2,-1,2,1
0,2,2,0,2,-1,1,0,2,0,2,-1,2,2
0,1,1,0,2,-1,1,0,0,0,2,-1,2,2
0,1,1,0,2,-1,0,2,0,0,2,-1,2,2
1,1,1,0,2,-1,1,2,1,0,2,-1,2,2
0,1,2,1,2,0,1,1,0,2,1,-1,2,2
0,1,0,2,0,0,1,2,0,1,0,-1,2,2
1,1,1,0,1,-1,1,1,1,0,2,-1,0,2
0,1,1,1,1,0,1,1,0,0,1,2,2,1
1,2,1,0,2,-1,1,1,1,0,2,-1,2,2
1,0,1,0,1,-1,1,1,0,0,1,-1,2,2
1,2,1,1,2,-1,1,0,1,1,1,-1,0,1
0,2,2,1,2,0,0,1,1,0,0,-1,2,1
0,1,1,2,2,-1,1,0,1,2,0,-1,2,2
0,0,1,1,1,-1,1,2,0,1,1,-1,2,1
0,0,1,2,1,-1,1,1,0,1,1,-1,2,2
0,1,1,1,2,0,1,0,0,2,1,-1,2,2
0,2,1,1,1,-1,1,0,2,1,0,-1,2,2
0,2,2,1,1,0,1,1,1,0,1,-1,2,2
0,2,1,0,2,0,1,0,1,0,2,0,0,2
0,1,2,0,0,0,1,0,0,0,2,-1,2,2
0,1,0,1,1,-1,1,1,0,1,1,-1,2,2
